106.97908689999997,-6.1919992,0
106.6527099,-6.2023936,2
107.01211590000003,-6.1817703,0
106.8060388,-6.5971469,2
106.8105998,-6.2614927,2
106.7112933,-6.2835218,2
106.9755726,-6.2382699,2
107.6191228,-6.9174639,2
106.682188,-6.3088649,0
106.917539,-6.153735,0
106.6173415,-6.2956209,0
110.335403,-7.716165,2
106.97557260000008,-6.2382699,2
107.61912280000001,-6.9174639,2
106.7861312,-6.6019253,0
106.90546180000001,-6.1604549,0
112.75208829999997,-7.2574719,2
106.65270989999999,-6.2023936,2
106.9054618,-6.1604549,0
106.863956,-6.1384145,0
107.037594,-6.445862,2
106.7588494,-6.1683295,2
106.7942405,-6.4024844,2
106.91778269999998,-6.376489299999999,2
112.7520883,-7.2574719,2
106.91734205424,-6.1540286362631,2
107.0214647,-6.1827668,0
106.879792,-6.3560872,0
106.61836895545,-6.2943782087885,0
106.818329,-6.703067,2
106.9481214,-6.2084546,0
106.80793799999992,-6.6381109,0
106.6320777,-6.2977013,0
106.8207875,-6.3273371,0
106.87979199999995,-6.356087199999999,0
106.92819659999998,-6.3846322,0
115.1752277,-8.7237964,0
106.85530229999995,-6.5683873,2
107.038094,-6.445609,0
106.943681,-6.397579,0
106.78368219999993,-6.180045499999999,0
112.63263210000002,-7.9666204,2
106.77934983684,-6.1083097259541,0
106.8340911,-6.1864864,2
106.7647475,-6.4085961,0
109.3425039,-0.0263303,2
106.99547440000003,-6.176629399999999,0
106.948161,-6.386963,0
106.85321599999997,-6.5683047,0
104.0304535,1.0456264,2
106.7112823,-6.1792662,0
106.845854,-6.122101,0
107.0121159,-6.1817703,0
106.7669783,-6.6020639,0
109.40097319999995,-0.1739023,2
106.7205154,-6.1721148,2
106.9823142,-6.1821232,0
106.74115589999997,-6.347891499999999,0
106.7860604,-6.6034009,0
106.79999999999995,-6.6,2
106.99543389999997,-6.176672099999999,0
110.3255365,-7.8748176,2
106.7129708,-6.177914599999999,0
106.789934,-6.178563,0
101.4477793,0.5070677,2
106.9860384,-6.1941316,0
106.81736777269,-6.1972602824091,0
106.94517919999998,-6.4038946,0
110.4381254,-7.0051453,2
106.9004472,-6.5938837,2
106.7683591,-6.424919,0
106.8028559,-6.6256207,0
106.9004472,-6.2250138,2
106.80810739999993,-6.636803899999999,0
106.73525840000002,-6.1486651,0
107.1445443,-6.2549342,0
106.9565206,-6.3586372,2
106.854516,-6.147562,0
106.98067909999997,-6.1863372,0
106.631889,-6.178306,2
106.872733,-6.188169,2
106.90044720000003,-6.2250138,2
106.7129708,-6.1779146,0
106.927815,-6.383505,0
106.88104020000003,-6.2262784,0
106.71805599999993,-6.288888999999999,2
106.84559899999999,-6.2087634,2
107.14845209999999,-6.247446600000001,2
107.67776690000005,-6.917906899999999,0
116.8528526,-1.2379274,2
112.80608239999992,-7.2799289,2
106.84006820000002,-6.4510008,0
101.44777929999998,0.5070677,2
106.789345,-6.175422,0
106.7927658,-6.6143168,0
107.01276489999998,-6.1762337,0
106.84579280000003,-6.6820556,0
106.94812139999999,-6.2084546,0
106.896482,-6.1749668,0
110.33540300000004,-7.716165,2
106.82695860000001,-6.4755093,0
112.6326321,-7.9666204,2
106.62019659999999,-6.2434696,0
0.0,0.0,2
115.1246918,-8.5375566,2
106.6974924,-6.2845749,0
106.828594,-6.419891,0
115.263298,-8.519268,0
106.79081999999994,-6.594293,2
107.00359800000001,-6.1763049,0
106.89051599999993,-6.142672999999999,0
107.56974709999997,-6.861529099999999,0
106.6605793,-6.2238186,0
108.55000599999994,-6.712058,0
112.70154950000006,-7.449771799999999,2
98.67222270000002,3.5951956,2
101.40251969999997,0.455495,0
106.74115589999997,-6.3991308,2
109.3158648,-0.0418268,2
106.8237374,-6.5708377,2
106.9466389,-6.2104868,0
106.94799734783,-6.2052868147257,2
107.0007987,-6.2064052,2
106.7352584,-6.1486651,2
106.9790869,-6.1919992,0
107.68258309999999,-6.9203751,2
107.1484521,-6.2474466,2
107.01212090000001,-6.1821343,0
106.86395600000003,-6.1384145,2
106.76179839999998,-6.2678825,2
106.75493329999995,-6.367426699999999,2
106.702825,-6.1318356,2
106.9704941,-6.4022718,2
106.80013959999997,-6.2436219,2
101.3998518,0.4691089,2
106.80603880000001,-6.597146899999999,2
106.635025,-6.2796882,0
106.73931330000005,-6.1083653,0
106.8016144,-6.6242977,0
106.95356909999998,-6.3101381,0
106.77011909999999,-6.4048835,0
106.77068220000001,-6.4265998,2
106.75359830000002,-6.412177499999999,0
106.8457928,-6.6820556,0
106.6114474,-6.2395155,2
106.523687,-6.238613,0
106.9860384,-6.1839269,0
106.77922160000003,-6.1079402,0
106.87450409631,-6.188320934204,0
106.8001396,-6.2436219,2
106.65209779999998,-6.3008649,0
106.77405490000001,-6.601852999999999,0
106.7853922,-6.1138942,0
106.703677,-6.165965,2
106.8827427,-6.2307016,2
106.73104799999999,-6.584259299999999,0
107.038063,-6.445556,0
106.6196453,-6.243345,0
106.82999999999993,-6.39,2
108.5415427,-6.7109937,0
106.98231420000002,-6.182123199999999,0
106.9901456,-6.1825863,0
107.5413039,-6.8840816,2
106.773595,-6.1959421,0
106.7676967,-6.4213147,0
106.71121530000005,-6.179260699999999,0
115.0457,-8.491588,2
106.9152021,-6.1658278,2
109.38341439999999,-0.1722292,0
106.7647475,-6.5728619,2
106.88101170287,-6.2230682753156,2
106.85263287305,-6.2567855709831,0
112.6519882,-7.1652437,2
106.83246780000002,-6.2226997,0
106.95892509999999,-6.3748415,0
107.6511279,-6.9523899,2
106.6645007,-6.2122376,2
106.40525409999998,-6.2614858,0
106.7337841,-6.1423316,2
106.7617984,-6.2678825,0
106.728835,-6.1520201,2
112.7015495,-7.4497718,2
106.92339679999998,-6.380419400000001,0
106.78188980000004,-6.183709599999999,2
106.75884940000003,-6.1683295,2
107.03362749999997,-6.7070376,2
106.8709404,-6.6103262,2
107.6266329,-6.883367,0
106.80285589999994,-6.6256207,0
106.59411469999998,-6.1596971,2
106.834649,-6.364056,0
106.98082220000003,-6.1822062,0
106.7664801,-6.5995719,0
106.82373740000003,-6.334917,0
106.75781649999999,-6.417576899999999,0
109.3630963,-0.0155493,0
112.617608,-7.1822915,0
106.8945456,-6.712398,0
107.61561329999995,-6.891960399999999,0
106.807938,-6.6381109,0
106.84862479999993,-6.2587277,0
106.8974964,-6.1561984,2
106.71129329999997,-6.2835218,2
106.7441048,-6.1866784,0
108.5523164,-6.7320229,2
106.7411559,-6.1127546,0
106.85028790000001,-6.5211331,0
106.7207624,-6.1350071,0
106.81095559999994,-6.4281972,0
107.67859650000003,-6.9215086,0
115.1770586,-8.5819296,0
106.99733949999995,-6.294995999999999,2
107.66000729999996,-6.918583399999999,0
106.979086899999,-6.1919992,0
101.4046099,0.4568473,0
106.8148879,-6.4966731,0
106.713278,-6.1797507,0
106.82766570000001,-6.226407500000001,0
106.74767029999998,-6.113811099999999,2
106.99902150000003,-6.702818799999999,0
107.70736880000004,-6.9064866,2
106.806685,-6.641268,2
106.8237374,-6.6428214,2
106.81059979999998,-6.2614927,2
112.6445466,-7.9996855,2
106.9801346,-6.1535154,2
106.8783167,-6.2295694,2
115.13851920000002,-8.6478175,0
106.52343169999995,-6.244714399999999,2
107.00597199999993,-6.2556191,0
96.1526985,4.4542745,2
112.23840169999994,-7.5360639,2
107.02441709999994,-6.2362538,0
106.7647475,-6.572861899999999,2
106.52305419999993,-6.2167736,0
106.748528,-6.2644802,2
106.99695229999998,-6.2490276,2
106.8679899,-6.182670799999999,0
106.76769669999999,-6.4213147,2
106.9874456,-6.1506969,2
106.95061750000002,-6.261676899999999,0
108.54154270000004,-6.7109937,0
106.77950429999999,-6.1166147,0
106.76974399999995,-6.237621,0
106.8502879,-6.5211331,0
106.77954879999993,-6.1105016,0
106.78539219999993,-6.113894200000001,0
107.679395,-6.9188632,0
110.36948959999995,-7.7955798,2
107.5993373,-6.8912891,2
106.97411799999998,-6.168966999999999,0
115.151363,-8.6292114,0
106.0111203,-6.0025343,2
106.8727063,-6.3462859,2
106.6201966,-6.2434696,0
106.87979199999995,-6.1976024,0
107.0096714,-6.17277,2
106.85504059999994,-6.568395799999999,0
115.15927179999994,-8.790694499999999,2
106.711101,-6.177647,2
107.04213240000001,-6.363430399999999,0
106.80235590000007,-6.448892,0
107.7073688,-6.9064866,2
106.76841939999997,-6.4728474,2
106.6586052,-6.258454,0
107.68272000000002,-6.926939699999999,2
106.70164260000001,-6.285743099999999,2
107.00418119999995,-6.1762492,0
106.84733770000003,-6.1603721,0
106.78934340458,-6.1754393152398,0
106.71200069999998,-6.1777235,0
106.84487549999994,-6.2553486,0
110.38293060000001,-7.7205575,0
115.18891600000006,-8.4095178,2
115.1904357,-8.7788318,0
106.06401789999995,-6.4058172,2
106.80013959999997,-6.2845276,2
107.71396979999997,-6.9176456,0
106.9447146,-6.3846283,2
106.68769729999997,-6.2636889,0
106.8237374,-6.334917,2
131.5161966,2.4420851,2
112.6049661,-7.9808144,2
107.00079870000002,-6.2064052,2
107.02736950000008,-6.320455399999999,2
106.8370122,-6.264140599999999,0
106.8827427,-6.1796396,2
112.68541729999993,-7.315256499999999,2
105.2667887,-5.3971396,2
106.75090399999999,-6.438002,2
106.71756690000007,-6.3077057,2
107.60230320000005,-6.914484799999999,2
106.9152021,-6.3856211,2
115.17705860000001,-8.5819296,2
115.26329800000008,-8.519268,0
111.47528510000006,-0.2787808,2
107.04512369999998,-6.2845993,0
107.668887,-7.090911,2
106.8069405,-6.6447387,2
106.9033981,-6.2325788,0
106.7824429,-6.1267415,2
107.00418119999995,-6.1762466,0
106.70633499999997,-6.183750799999999,0
106.947666,-6.1826294,2
106.886009,-6.213997,2
106.952561,-6.219174,2
106.682188,-6.186116,2
106.4173379,-6.2769075,0
106.809228099999,-6.704426,0
106.76478020000002,-6.6020306,0
106.7647475,-6.1222055,2
106.91736800000001,-6.376414,0
106.78834159999997,-6.3360895,0
106.7748596,-6.1691846,2
106.947999,-6.205279,0
115.2126293,-8.6704582,2
119.5310713,-5.0792625,2
106.9565206,-6.2972575,2
112.6450539,-7.2993011,0
110.42931499999997,-6.989296299999999,2
106.72313529999997,-6.135530399999999,0
106.879791999999,-6.35608719999999,2
106.67940520000002,-6.3055599,0
106.8306951,-6.4901067,2
112.80775048116,-7.2727746561023,0
106.86050410000007,-6.5867377,2
106.73203650000005,-6.354125499999999,0
106.8714848,-6.1320555,0
106.75514509999994,-6.4863547,2
107.908699,-7.227906,2
106.97821115211,-6.2497263468868,0
106.73935119999999,-6.1091295,0
106.9766515,-6.1926279,0
106.7765443,-6.2443916,2
106.84733770000003,-6.231859699999999,0
106.71310570000003,-6.1345611,0
107.63518210000007,-6.8776958,2
106.8705334,-6.1390755,0
106.8325872,-6.2195686,2
106.7794935,-6.2775326,2
106.67386490000001,-6.2474531,0
104.77543070000002,-2.9760735,2
107.62431930000002,-6.938624099999999,0
106.69000740463,-6.3110564997867,0
106.9704941,-6.402271799999999,0
106.9032029,-6.3762645,0
107.6777669,-6.9179069,0
112.58856620000006,-7.938809199999999,0
106.94766600000003,-6.1826294,2
106.8092281,-6.704426,0
106.89346460000002,-6.395046499999999,2
106.9990215,-6.7028188,2
106.7818898,-6.1837096,2
106.81457245634,-6.1965549184424,0
106.9535691,-6.3101381,0
106.72051540000007,-6.1721148,2
106.73495760000003,-6.5766978,0
107.1107057,-6.3465386,2
106.77129059999993,-6.552484,2
106.80285600000002,-6.277826399999999,0
106.78367579999997,-6.1795201,0
112.7926759,-7.269315,0
106.77062799999999,-6.155703,2
106.77504899999997,-6.116995999999999,0
107.0244171,-6.2362538,2
106.76757640000005,-6.1720996,0
119.4327314,-5.1476651,2
112.64734520000002,-7.288272300000001,2
106.8285161,-6.4213507,0
106.7794935,-6.3031123,0
106.9476481,-6.2086852,0
119.43273139999997,-5.147665099999999,2
106.88970810000001,-6.5845889,0
107.03428699999995,-6.4597141,0
115.1592718,-8.7906945,2
106.986538,-6.151923,0
106.84155,-6.162041,0
106.9181532,-6.2295409,0
107.4919767,-6.8652214,2
107.0189861,-6.176658,0
106.83069509999996,-6.4901067,0
107.03527830000007,-6.218465999999999,0
107.5956817,-6.976041299999999,2
106.68794479999997,-6.315418113869698,0
112.80459280000002,-7.319019099999998,2
106.79660260000003,-6.4320657,0
106.81806559999995,-6.193935199999999,0
106.6202025,-6.180585199999999,2
106.742319,-6.1912334,2
106.72236769999995,-6.1362994,0
107.00074810000001,-6.1687199,0
110.3964179,-7.7173988,2
106.7839175,-6.1713515,0
106.88600900000006,-6.213997,2
112.8060824,-7.2799289,0
106.947569,-6.2087273,0
106.61823189999996,-6.2816179,0
107.64973510000004,-6.910569499999999,2
106.6226719,-6.2202677,2
110.30812130000004,-7.773728699999999,0
106.9181532,-6.158079499999999,2
106.8207875,-6.399033699999999,2
106.81394969999997,-6.1833432,2
106.77949349999994,-6.3031123,0
106.816730,-6.197417,0
106.86946510000007,-6.2732982,2
112.5364292,-7.9567121,2
110.41666699999996,-6.966667,2
106.77277930000002,-6.1693723,0
104.7754307,-2.9760735,2
106.8283,-6.175,0
112.6137233,-8.0037374,2
107.0391798,-6.2791748,0
106.90329050000003,-6.3762857,0
106.83258720000003,-6.194031,0
107.0127649,-6.1762337,0
107.02736950000008,-6.294897600000001,2
112.64482659999999,-8.032305899999999,2
106.81811800000003,-6.273609100000001,0
112.63755370000001,-7.238535300000001,0
112.6556213,-8.0110139,2
106.42172440000002,-6.2512789,0
112.81353039999999,-7.326097099999999,2
106.845599,-6.2087634,2
112.7519821,-7.0252822,2
106.70577330000003,-6.1342937,2
107.690925,-6.9080013,0
107.68782379999993,-6.922278599999999,0
112.60633430000007,-7.9871868,0
106.80891099999997,-6.4341003,0
112.6183751,-7.9940531,2
107.062802,-6.2681716,2
106.92995789999998,-6.2393686,0
106.87619810000001,-6.224450699999999,0
107.0185123,-6.3028597,2
106.85521919999996,-6.2823858,0
107.29665249999994,-6.3015658,2
106.6910322,-6.3060156,2
106.78188610000007,-6.2759588,0
110.43216710000002,-7.7670239,2
106.85451663677,-6.147568847767,0
110.8243272,-7.5754887,2
106.8473377,-6.1603721,0
106.82373740000003,-6.6428214,2
107.49197670000001,-6.865221399999999,2
106.77949349999994,-6.4260468,0
106.69749239999999,-6.2845749,2
112.79923770000005,-7.260491399999999,0
112.6139055,-7.9370268,2
106.7376117,-6.1366932,0
112.61372329999995,-8.0037374,0
106.98552080000002,-6.187062399999999,0
109.30694319999998,-0.2295518,2
106.6537516,-6.2420259,0
101.4326284,0.5611452,0
106.8473377,-6.3853366,2
112.5334492,-7.8830648,2
107.29220959999998,-6.3234143,0
112.6722635,-7.8848787,0
106.5258761,-6.245265799999999,0
106.79719,-6.389574499999999,2
106.80811110000002,-6.6381266,0
106.7411559,-6.3478915,2
106.8591387,-6.3644564,0
106.8709404,-6.3231156,0
106.84585557774,-6.1221020325847,0
106.80757560000006,-6.638413799999999,0
106.7856491,-6.6043315,0
107.6474283,-6.9042641,2
106.946847,-6.212015,0
106.7057733,-6.1342937,2
106.85368370000003,-6.5683693,0
107.682207,-6.9267452,0
106.81147287838,-6.2594194247825,0
114.58998999999994,-3.298983100000001,2
112.53344919999995,-7.883064800000001,0
112.8165095,-7.2881839,2
112.79109930000004,-7.267384000000001,0
106.82078750000005,-6.2608384,0
106.892843,-6.1624779,2
106.78539219999993,-6.159817599999999,2
113.70093120000001,-8.1733118,2
106.90044720000003,-6.245447299999999,2
107.58750090000001,-6.9406515,2
106.8001396,-6.2845276,2
106.89794600000005,-6.3891104,0
106.6556575,-6.2355315,0
106.8030892,-6.6409658,2
106.80013959999997,-6.3971623,2
106.78827186208,-6.1764779722955,0
110.40844749999997,-7.711651600000001,0
109.35371609999993,-0.0604543,0
106.5230542,-6.2167736,0
106.8165093,-6.4068811,2
106.70577330000003,-6.236466699999999,2
106.7761208,-6.261886,2
107.68082930000003,-6.9177267,0
106.83106069999997,-6.433007399999999,0
106.9954744,-6.1766294,0
107.67258479999998,-6.903698599999999,2
109.295048,-0.1146031,0
106.76648009999997,-6.5995719,0
112.5274893,-7.8986671,2
115.1385192,-8.6478175,0
106.62891779999995,-6.2429339,0
106.84048200000007,-6.2248984,0
106.995542,-6.1766497,0
106.73890440000002,-6.1099257,0
112.63539709999998,-8.0138032,0
106.68813791904904,-6.315354131504094,0
106.609971,-6.2269156,0
106.88103360000002,-6.2262477,0
106.82819897192,-6.2241983683526,0
106.80836320000003,-6.2579157,0
106.68811646137692,-6.315290149130589,0
106.74687629999994,-6.1861447,0
107.60824209999998,-6.9148644,2
106.8001396,-6.3971623,2
106.8756351,-6.3747299,0
106.8089885,-6.3379655,0
106.85142910000002,-6.5677203,0
106.85913870000002,-6.3644564,0
115.1592718,-8.8211166,0
106.76897957043,-6.2378209747042,0
106.74000649999994,-6.263709299999999,0
106.858386,-6.226214,0
116.9263671,-1.2095489,2
106.90695740000001,-6.1529457,0
107.63632959999995,-6.919484199999999,0
115.279503,-8.444143,0
106.9445022,-6.2114979,2
106.77919020000002,-6.2574396,0
106.7608884,-6.5355972,0
107.003598,-6.1763049,0
112.6747772,-7.295524899999999,0
106.79082,-6.594293,2
106.9508941,-6.2110333,0
107.66444709999996,-6.8965422,2
115.16816530000006,-8.691289399999999,0
106.77485960000001,-6.169184599999999,2
112.6930724,-7.302334300000001,0
106.7975417,-6.5259807,0
106.4235269,-6.2567412,0
106.9033981,-6.166211,0
107.0421324,-6.2611984,2
106.9329091,-6.2060792,2
106.813134,-6.3112614,2
106.82687809999993,-6.428937899999999,0
107.6156133,-6.8919604,2
110.8147329,-7.6830294,2
106.89348510000002,-6.391684499999999,2
110.38836220000007,-7.7128457,0
112.64497890000007,-7.288891499999999,2
107.68220700000006,-6.9267452,0
107.78138719999993,-6.9370992,0
106.73282100000006,-6.129303999999999,0
107.67498720000003,-6.9181629,0
107.67987270000003,-6.917428800000001,0
106.80727909999996,-6.438567,0
106.7393133,-6.1083653,0
106.731048,-6.5842593,0
106.60796983721,-6.2284375446715,0
115.0781804,-8.1213758,2
107.00443089999999,-6.177332499999999,0
112.67610489999993,-7.291050900000001,0
112.7986343,-7.3949134,2
106.6674484,-6.3221489,2
106.96506269999998,-6.187244199999999,0
106.79276579999998,-6.1608563,2
106.79808300000002,-6.5538424,0
112.7985946,-7.3221792,0
109.3069432,-0.2295518,2
106.9978466,-6.1937446,2
106.4052541,-6.2614858,0
106.66629369999998,-6.267434,0
110.3694896,-7.7955798,2
106.78669450000007,-6.3869092,0
106.80308919999993,-6.374008,0
106.43175329999997,-6.227359,2
104.06076150000001,1.100053,2
106.7794935,-6.2570768,2
112.6431956,-8.0192477,0
106.8974964,-6.181712,2
98.6834392,3.6217102,0
106.8721885,-6.1528676,0
106.819262,-6.7046124,0
106.81419470000003,-6.4930071,0
106.7883416,-6.162275,2
115.2608045,-8.5089214,0
106.9204029,-6.166567,0
112.68047860000001,-7.2857489,0
106.9473506,-6.2087382,0
107.32023329999993,-6.305400199999999,2
107.6243193,-6.9386241,0
106.82373740000003,-6.375880599999999,2
112.6354851,-8.0136142,0
106.7836822,-6.1800455,0
106.7411559,-6.3991308,2
106.6939625,-6.5753118,2
106.773595,-6.23682,0
106.8049659,-6.341257,0
115.1696351,-8.778577,2
106.75381519999996,-6.1079911,2
106.7382072,-6.1970854,0
106.96835770000007,-6.2573048,0
112.8016136,-7.2663279,2
106.7111754,-6.1775535,0
112.65026979999993,-7.934980599999999,0
106.90502019999997,-6.261148100000001,2
110.82432719999997,-7.575488699999999,2
107.0155599,-6.2186791,2
106.84422889999996,-6.2659077,0
107.3375791,-6.3227303,2
106.82078750000005,-6.250614400000001,2
107.65923888557,-6.9379602398578,0
106.7175669,-6.3077057,2
106.41044250000004,-6.261768099999999,0
106.44647659999998,-6.2038629,0
106.84066430000007,-6.4110413,0
106.65102309999997,-6.254085700000001,0
106.68811470000003,-6.178199299999999,0
112.80459280000002,-7.339163399999999,2
107.58750090000001,-6.8660066,0
106.71954389999996,-6.2861682,0
107.58010330000002,-6.9757129,2
106.83553719999998,-6.436980699999999,0
106.9240554,-6.4288646,2
106.79719,-6.2922975,0
106.9742309,-6.2711145,0
106.7131057,-6.1345611,0
106.40230999999994,-6.269263599999999,2
106.76133549999997,-6.6106294,0
106.78027,-6.283309,0
106.71795680000002,-6.335103699999999,0
106.948594,-6.212254,0
106.838158,-6.7128814,2
109.3556729,-0.0073352,0
106.7794935,-6.4260468,2
106.9474628,-6.2087191,0
107.055686,-6.4681773,0
115.3314412,-8.5367146,2
106.79137880000007,-6.1768345,0
112.6139055,-7.9981302,2
107.6045159,-6.8904501,0
107.64902519999998,-6.9430969,2
106.84154990000002,-6.1620414,2
106.95701080000003,-6.3144578,0
107.6068213,-6.874055,2
106.66551400000003,-6.2922121,0
107.5697471,-6.8615291,0
106.79712180000001,-6.260589599999999,0
106.9447146,-6.3385652,2
106.7853922,-6.1598176,0
106.79687139999999,-6.436401699999999,0
112.76884159999997,-7.2202663,0
106.6525479,-6.2434437,0
109.4735066,-0.3533938,0
106.986899,-6.154968999999999,0
106.82816230000003,-6.587388199999999,0
110.34715400000005,-7.753866,0
106.91520209999999,-6.2730676,0
112.8999225,-7.6469193,2
106.8466972,-6.2432858,0
106.9904664,-6.2284397,2
106.87326540000004,-6.1460384,0
106.7441048,-6.1713568,0
106.75988970000003,-6.1598216,0
106.9771827,-6.258244,2
110.4321671,-7.7670239,0
106.7795488,-6.1105016,0
112.79597710000007,-7.266361400000001,0
106.81823559999998,-6.194692,2
107.6289307,-6.9390744,0
106.7617984,-6.6063841,0
106.70872159999999,-6.4079013,2
112.71146058595,-7.2895750461779,0
115.12469179999994,-8.5375566,2
112.74557879999998,-7.2642396,2
107.5801033,-6.9757129,2
112.6794582,-8.0503973,0
112.6123684,-8.0038331,0
106.817192,-6.404192,2
112.58410750000007,-7.285306999999999,0
112.67987859999994,-7.3105288,0
110.3815228,-7.7361251,2
106.9152021,-6.2321915,0
106.83126010000001,-6.378708899999999,0
107.1425442,-6.8168237,2
112.79334949999998,-7.272079400000001,0
107.0391798,-6.4223934,0
106.7361876,-6.4272479,0
106.8119382,-6.2023616,2
106.7016426,-6.2857431,0
112.63167499999997,-7.981976099999999,0
106.98192330000006,-6.1970883,0
106.43175329999997,-6.2734443,0
103.6131203,-1.6101229,2
106.74896339999998,-6.1259711,0
106.6674484,-6.2249237,0
106.818118,-6.2736091,0
106.6071156,-6.2268175,0
106.5701927,-6.2971525,2
107.62893069999996,-6.939074400000001,0
107.0657549,-6.1787633,2
106.7741231,-6.1214349,2
106.95256110000003,-6.219174199999999,0
106.6876443925903,-6.31532214031834,2
106.6556575,-6.2611077,0
106.88890130000004,-6.147212199999999,2
106.8387201,-6.4482029,0
106.78993443045,-6.1786304773636,0
107.0185123,-6.7131574,2
107.68285179999998,-6.9194906,0
107.0007987,-6.1553921,0
110.4214189,-7.0601193,0
106.8694651,-6.2732982,2
106.99203020000004,-6.1556327,0
106.9653756,-6.2382027,2
107.57862380000006,-6.876631499999999,0
106.97693030000005,-6.1940985,0
106.82078750000005,-6.434914,2
106.83329000000003,-6.22591,0
106.795908,-6.3343312,2
107.6600073,-6.9185834,0
106.16397489999997,-6.110366099999999,2
106.95903640000006,-6.2924679,0
106.9473988,-6.2083823,0
106.5996595,-6.1989828,2
106.8325872,-6.1991376,2
107.627451,-6.9326938,0
106.8325625,-6.3218167,0
112.6613657,-7.8933989,0
106.8384873,-6.270482899999999,0
106.83438550000005,-6.2899382,0
106.7720511,-6.2380457,0
106.8237374,-6.2939813,2
107.7607951,-6.562288800000001,2
106.79995129999998,-6.1747751,0
106.95652059999998,-6.2257275,0
115.1325897,-8.638112,0
106.83934099999999,-6.485328099999999,0
106.82383819999995,-6.265994900000001,0
107.6578179,-6.9100189,0
106.9801346,-6.2607006,2
106.8561884,-6.5671524,0
106.6202025,-6.1805852,2
106.95356909999998,-6.2079551,0
106.81785816239,-6.2056724000062,0
106.80299250000007,-6.2668917,0
106.8743216,-6.3473802,0
106.98046499999998,-6.177143,2
106.83409110000002,-6.1864864,2
107.58635049999998,-6.918636200000001,0
106.7701191,-6.4048835,0
106.9683273,-6.3735946,2
107.55117470000005,-6.9306057,0
112.6824377,-7.9865538,0
106.8553023,-6.5683873,0
112.79237820000003,-7.253998699999999,0
107.08937979999996,-6.300487899999999,2
106.89996539999993,-6.1571283,0
106.7595019,-6.464739100000001,2
106.84168942192,-6.2240001610136,0
106.8266873,-6.2299792,0
107.03622719999998,-6.123654999999999,2
107.68984369999998,-6.9161723,0
107.04280540000002,-6.4537799,0
106.7740549,-6.601853,0
106.99046640000006,-6.2284397,2
107.6965338,-6.9152318,2
106.8266873,-6.3476171,0
106.99510280000004,-6.1567495,0
106.947201,-6.211682,0
106.6939973,-6.1332275,0
106.7170506,-6.4376836,2
107.5875009,-6.9406515,0
106.96242389999998,-6.3533218,0
106.84766620000005,-6.1454084,0
107.03544290000002,-6.1754151,0
109.3500658,-0.0803776,0
106.7798811,-6.2300428,2
107.6762506,-6.9437133,0
107.70524339999997,-6.936190099999999,0
106.81833230000007,-6.4398572,0
103.61312029999999,-1.6101229,2
98.63256109999998,3.6059085,2
106.81685919999995,-6.197304000000001,0
106.8060388,-6.597146899999999,2
112.52390000000003,-7.8671,2
106.773595,-6.724376,2
106.6969285,-6.3211821,0
110.4202505,-6.9805495,2
106.96338519999995,-6.3605788,0
106.8473377,-6.2318597,0
106.71353120000003,-6.1781513,0
106.8237374,-6.570837699999999,2
106.92373450000002,-6.3424087,0
106.9565206,-6.1899947,2
106.85214289999999,-6.2572684,0
106.9963242,-6.2297386,0
107.06280200000003,-6.2681716,2
110.33963219999998,-7.825674299999999,0
106.792027,-6.157118,2
106.68815937672116,-6.31531147658931,0
106.83698030000005,-6.279445399999999,0
106.810599799999,-6.2614927,2
101.4025197,0.455495,0
106.947342,-6.21135,0
106.67696000000001,-6.3200695,0
107.85459390000005,-7.0118879,0
110.81473289999997,-7.683029399999999,2
110.3130087,-7.8450254,2
106.7735885,-6.4877074,2
106.6882022920654,-6.315439441323139,0
106.99251119999997,-6.2244149,0
107.14254419999997,-6.8168237,2
106.91520209999999,-6.1658278,0
106.67990940000004,-6.2940767,0
107.00096209999992,-6.1783774,0
106.4994889,-6.1152896,2
107.63943319999998,-6.9015937,2
112.1609056,-8.0954627,2
106.74874369999998,-6.2476693,0
112.76884159999997,-7.351143599999999,2
106.99489449999999,-6.119900400000001,2
106.82373740000003,-6.2939813,2
107.0509906,-6.4476,2
112.81650949999994,-7.2881839,2
106.8547133,-6.2328959,2
110.38834500000007,-7.712867399999999,2
106.6969285,-6.2699989,2
112.5885662,-7.9388092,0
106.9604246,-6.2279527,2
107.06761989999995,-6.2972565,0
106.97570680000001,-6.2289259,0
106.85344899999996,-6.3858342,2
106.5333649,-6.1819258,0
106.9484973,-6.2127109,0
106.8516965,-6.3403424,2
107.67924689999995,-6.8985527,0
119.5776065,-4.9519888,0
106.68768730793454,-6.315183511823841,0
106.9506175,-6.3179073,2
106.65541719999999,-6.2428386,0
109.3009955,-0.0132044,0
107.0451237,-6.2845993,0
112.7172481,-7.291439,0
106.91906570000003,-6.1675771,0
98.6722227,3.5951956,2
106.79055061951,-6.2823041752244,0
106.75614547360237,-6.262155274535979,0
115.0478775,-8.4949428,0
106.947726,-6.208211,0
106.9476957,-6.2085845,0
106.76022310000008,-6.1066536,0
106.94855,-6.212064,0
107.6848397,-6.9067396,2
106.9469716,-6.2082899,0
106.78776500000004,-6.166864,0
106.7018137,-6.350047,2
106.73150299999998,-6.1400521,0
106.96537560000002,-6.2382027,2
106.83241089268,-6.2141083211162,0
106.80603880000001,-6.2689913,2
106.68815937672116,-6.3154607687757025,0
107.7813872,-6.9370992,0
106.75612401593025,-6.262240593084629,0
106.86572530000001,-6.4361714,0
115.16401050000002,-8.6679912,0
106.5201084,-6.2347753,0
106.95909489999997,-6.3980009,0
115.15927179999994,-8.8211166,0
106.81599800000004,-6.3312439,0
110.3993969,-7.7558021,2
106.7007052,-6.1453357,0
106.67924,-6.3064015,0
106.75599526989754,-6.262133944896631,0
107.60500495106,-6.8922373864722,0
106.816353,-6.270348,0
110.37727440000003,-7.808836799999999,0
107.02277819999995,-6.3197148,2
106.99854789999995,-6.2359122,2
106.9284822,-6.2228182,2
110.37452140000005,-7.8691643,0
106.8126489,-6.341755999999999,0
107.62358240000003,-6.943062299999999,0
115.1264747,-8.537582,2
106.835284,-6.184908699999999,0
112.70776380000007,-7.3808642,0
107.6614872,-6.9352581,2
106.8075756,-6.6384138,0
106.81634630573,-6.196034245825,0
106.75616693127449,-6.262144609716413,0
106.7883416,-6.5514982,2
106.79719,-6.3076465,0
106.90366919999997,-6.3762354,0
107.0407166,-6.4314456,0
106.89959969999995,-6.1569518,0
106.78329200000007,-6.221451999999999,0
106.75590590294,-6.191846836824,0
106.78296879999994,-6.1663996,2
106.87046329999998,-6.3125516,0
107.4783823,-6.8436457,2
106.79173220000007,-6.2823664,0
106.7197367,-6.1691844,0
106.76582710000002,-6.3362808,0
106.8207875,-6.2506144,2
106.75607037174996,-6.262176604174435,0
112.6058672,-7.9896046,0
106.8406006,-6.3028754,0
106.68818083439328,-6.315290149130589,0
106.81054399999994,-6.2277765,2
106.53336489999992,-6.1819258,2
110.40859439999997,-7.7114067,0
106.80903060000003,-6.5256851,0
106.98730439999997,-6.2720856,0
107.65835379999999,-6.9394579,0
107.00079870000002,-6.277897299999999,2
106.6674484,-6.2658414,2
106.8171925,-6.4041917,0
106.92781530000002,-6.3822383,0
107.56974709999997,-6.8486681,0
106.72807790000002,-6.3021636,0
115.23797820000004,-8.687587299999999,0
106.8620891,-6.1369372,0
112.5394091,-7.8827289,2
106.8018708,-6.3479447,0
106.6718702,-6.2823282,0
106.8974964,-6.3759742,0
107.57308729681995,-6.868298116962206,0
106.80308919999993,-6.640965800000001,0
106.80922809999993,-6.704426,0
106.802186,-6.347591,0
112.62258320000001,-7.9416457,0
106.68837395344235,-6.315354131504094,0
106.711293299999,-6.2835218,2
106.66709300000002,-6.3244269,2
106.6961,-6.1582345,0
106.7229756,-6.1364456,0
106.76529210000001,-6.1975609,0
106.781836,-6.1755296,0
106.9948945,-6.1199004,2
106.66559929999994,-6.3201375,2
106.8104633,-6.2266758,2
106.71153979999997,-6.1809352,0
106.7997615,-6.3526204,0
110.46195910000006,-7.0447231,2
106.85088429999996,-6.575895699999999,0
106.68813791904904,-6.315290149130589,0
106.68811646137692,-6.315396786415378,0
107.3202333,-6.3054002,2
106.7130367,-6.1341773,0
106.8679899,-6.1826708,0
103.9201994,1.0600802,2
106.75000249999994,-6.442421700000001,0
115.17522770000005,-8.7237964,2
106.74669510000001,-6.316026099999999,0
106.68826666508176,-6.315482096227389,0
106.68826666508176,-6.315290149130589,0
106.652709899999,-6.2023936,2
106.9036692,-6.3762354,0
106.7190298,-6.1185387,2
107.1602683,-6.2776791,2
106.8325872,-6.194031,2
106.80786469999998,-6.3834253,0
112.78979789999994,-7.277734300000001,0
106.97705329999997,-6.170036899999999,2
112.69684789999997,-7.314749399999999,0
106.70967960000007,-6.3316386,0
106.7115398,-6.1809352,0
101.40215579999995,0.4571511,0
106.947598,-6.207972,0
106.7087216,-6.2849642,0
112.70063909999999,-7.28569,2
106.75588600000003,-6.192124,0
106.7087216,-6.259384,0
106.8222625,-6.2365111,0
117.14361540000004,-0.4948232,2
112.5960268,-7.0934905,2
107.667259,-6.9018739,0
106.95472840000002,-6.191760299999999,2
106.83134029999997,-6.3783316,0
106.69985079999992,-6.1343948,0
106.68822374973752,-6.315375458960181,0
107.2966525,-6.3015658,0
106.7129708,-6.17791459999999,0
106.97641249999992,-6.267765199999999,2
106.7561132870942,-6.262123280076633,0
106.7617984,-6.1707876,2
106.7469685,-6.1940263,2
106.86225560000003,-6.5832752,2
107.16026829999998,-6.277679099999999,2
110.38696319999997,-7.7335214,0
106.69692850000001,-6.3211821,2
106.776115,-6.2857821,0
106.879792,-6.1976024,0
112.64901750000001,-7.458501199999999,0
106.6880950037048,-6.315268821671003,0
107.58755969999993,-6.964477199999999,0
106.83016889999999,-6.473929099999999,0
106.92912320000005,-6.2254776,2
102.080101,1.489214,2
106.8384873,-6.1325959,2
112.44013289999998,-7.4704747,2
106.8370122,-6.2641406,2
106.63502500000004,-6.341140500000001,2
115.26301420000004,-8.694737,2
106.6876973,-6.2636889,0
106.9447146,-6.4153566,2
106.98101509999992,-6.1863603,0
107.60422719999997,-6.892516,0
106.98865799999999,-6.1881311,0
110.44968459999996,-7.751938300000001,2
106.76897815256,-6.2378161736959,0
106.9467184,-6.2119495,0
106.87686959999996,-6.1751906,0
110.30109379999999,-7.7735423,2
106.83006869999997,-6.3888772,2
106.82078750000005,-6.3631747,2
107.66115930000001,-6.9443228,0
106.7385486,-6.4275148,0
106.75619911778267,-6.2619953022196695,0
112.53149910000002,-7.886758899999999,0
106.48374509999996,-6.261887499999999,2
110.9866942,-7.6070727,2
106.7381284,-6.3366917,2
112.4401329,-7.4704747,2
106.83258720000003,-6.2553397,2
106.665514,-6.2922121,0
106.66354810000007,-6.281948700000001,2
106.7898163,-6.17882,0
106.82194700000002,-6.3994526,2
106.01112030000002,-6.0025343,2
109.5538573,-7.4473901,2
107.64664300000004,-6.971519000000001,2
106.63286119999998,-6.176936200000001,2
106.8030892,-6.374008,0
106.84012140000004,-6.3028176,0
106.8237374,-6.6119609,2
106.7970599,-6.6814912,0
106.87528396214,-6.1447019526477,0
106.830414,-6.127533,0
107.6497351,-6.9105695,0
106.74931909999998,-6.1234965,0
106.7794935,-6.3389422,0
106.65541280000002,-6.2428408,0
115.15372679999996,-8.8032129,0
106.83905759999993,-6.3030626,0
106.67260710000005,-6.2715643,0
113.72966580000002,-8.1773563,2
107.11070569999993,-6.3465386,2
106.97811530000001,-6.449407400000001,0
106.9875898,-6.2072773,2
107.7192104,-6.9163257,2
106.6247095,-6.1892359,2
112.6569138,-7.9266466,2
106.75617766011055,-6.26203796150881,0
112.7688416,-7.2202663,0
106.75612401593025,-6.262261922719612,0
106.68815937672116,-6.3153328040471415,0
107.8554249,-7.0140266,2
107.6363296,-6.9194842,2
106.78914800000007,-6.1754302,0
107.48228289999997,-6.8604017,0
106.69400930000006,-6.133225899999999,0
106.6893180910156,-6.314607669987838,2
107.00945260000003,-6.2053492,0
106.8115363,-6.3199193,0
107.72809200000006,-6.872264899999999,0
106.80772179999997,-6.638412199999999,0
107.6174119,-6.8772577,2
106.92700660000003,-6.3033511,2
107.0332746,-6.1925818,2
103.61000000000001,-1.59,2
107.6725848,-6.9036986,0
106.84881280000002,-6.2356436,0
106.64956600000005,-6.2452818,0
106.948705,-6.212421,0
106.8448755,-6.2553486,0
106.7096796,-6.3316386,0
106.8350044,-6.3306725,0
112.6705194,-7.2782596,2
101.43006779999996,0.5686632,0
106.81046330000004,-6.2266758,2
112.81353039999999,-7.305958,2
115.12645220000002,-8.8315362,0
106.75603818524178,-6.262048626330551,0
111.4991334,0.052098,0
106.9494502,-6.170914400000001,0
106.98354100000006,-6.150938,2
106.0640179,-6.4058172,2
106.76114729999995,-6.6016466,0
106.68768730793454,-6.3153328040471415,0
112.8045928,-7.3190191,0
106.84022119999997,-6.224885200000001,0
106.71322659999998,-6.1799753,0
106.81528030000004,-6.3236688,0
112.02403419999996,-7.7893934,0
106.76047749999998,-6.3009315,0
112.6028753,-7.9883229,2
107.53808849999996,-6.8652102,0
112.64496380000003,-7.2889068,0
106.8075136,-6.1705904,0
106.7883416,-6.3360895,0
106.7612017,-6.5751929,2
107.0407502,-6.4314809,0
106.879792,-6.5766141,2
107.59622439999998,-6.8624127,0
107.6394332,-6.9015937,2
108.550006,-6.712058,0
106.59978610000007,-6.270971800000001,0
110.43453709999994,-7.7369859,0
107.60229649999997,-6.9529665,0
107.612654,-6.8586297,0
107.71378460000005,-6.9220653,0
106.8680538,-6.1827259,2
106.71530419999999,-6.3512507,0
107.33757909999997,-6.3227303,2
106.77654430000007,-6.2443916,2
107.62168719308,-6.9203770541526,0
106.6224954,-6.253853,0
106.70777399999997,-6.1417316,0
112.60980080000002,-7.966238599999999,0
112.66210709999996,-8.0395982,0
112.6854173,-7.3152565,2
106.929957,-6.328551,2
106.791291,-6.190262199999999,0
106.81666302227,-6.1943704177039,0
106.79246599999999,-6.394319899999999,0
107.1779936,-6.3639378,0
107.69848790000003,-6.950576799999999,0
107.0007481,-6.1687199,0
107.55390369999998,-6.966509400000001,0
107.5717275,-6.966293,0
106.95611489999999,-6.305138200000001,2
106.8119768,-6.188982,2
106.57608570000002,-6.1179866,0
112.6274267,-7.251732400000001,0
107.03038509999999,-6.709321,0
107.67834919999996,-6.921879199999999,0
106.75218749999999,-6.1124664,0
106.6554172,-6.2428386,0
110.466428,-7.0203796,0
106.79226689999996,-6.1564866,0
110.39642040000001,-7.7559007,0
106.71478690000004,-6.3167016,0
110.3728635,-7.7358827,0
106.77257439999994,-6.500026399999999,0
115.16223630000002,-8.6512212,2
106.92560750000007,-6.284051799999999,0
106.9474575,-6.2083506,0
106.79719,-6.5537644,0
106.99378980000006,-6.139792799999999,0
106.79754170000001,-6.5259807,0
112.79353730000003,-7.266394399999999,0
109.35374239999999,-0.0604435,0
106.89159480000001,-6.207429299999999,2
106.82858390000001,-6.4676559,0
106.70545179999999,-6.1266839,0
115.33144119999997,-8.5367146,2
106.90044720000003,-6.3272512,0
106.86748669999997,-6.1761935,0
107.6749872,-6.9181629,0
112.8045928,-7.3391634,2
106.7862631,-6.1887243,0
106.7025759,-6.1220532,0
112.78139799999997,-7.313717599999999,0
112.61236839999992,-8.0038331,0
106.711007,-6.3509654,0
106.9469559,-6.2088137,0
106.80013959999997,-6.4279175,2
106.68813791904904,-6.315418113869698,0
106.78101200000003,-6.2495818,2
106.92897487619621,-6.427786461144902,0
106.89749640000002,-6.181712,0
104.03045350000002,1.0456264,2
106.7416578,-6.4972977,2
107.61275899999998,-6.937720700000001,0
106.7048185,-6.1239583,0
107.67788619999999,-6.913456699999999,0
106.86889350000001,-6.5047099,0
110.3859913,-7.8426533,2
106.8281623,-6.5873882,0
106.83423199999993,-6.317508,0
107.6478182,-7.0037585,2
106.9190657,-6.1675771,0
106.82419754488,-6.2273430510813,0
107.59341900000004,-6.9533048,0
106.9535691,-6.1773344,2
107.00384740000004,-6.176248600000001,0
112.75096559999997,-7.458015899999999,0
107.64850290000004,-6.9551057,0
107.47838230000002,-6.8436457,2
107.0273695,-6.3204554,2
106.9398378,-6.679303,0
106.6320777,-6.2362927,0
106.8207875,-6.2608384,0
112.59688030000007,-7.978781399999999,0
107.48226840000007,-6.860420899999999,0
106.6674484,-6.2914292,0
107.52590780000003,-7.025201999999999,2
110.4342461,-7.0607997,0
106.83685783566,-6.2136477335116,0
106.69202659999996,-6.3469973,0
106.8266873,-6.2197608,2
112.2384017,-7.5360639,2
106.74005399999999,-6.107772,0
112.6842547,-7.2355318,0
106.6662937,-6.267434,0
106.97838189999993,-6.1812277,2
112.67051939999999,-7.278259599999999,2
106.79353000000003,-6.24975,0
106.77309220000006,-6.4804743,2
96.15269850000001,4.454274499999999,2
106.78668300000004,-6.233914,0
106.80898849999994,-6.3379655,2
112.76682440000002,-7.294292500000001,0
110.3010938,-7.7735423,2
112.6511518,-7.4772851,0
106.67923999999994,-6.1376917,2
112.664701,-7.896866,0
115.1482949,-8.6539349,0
106.74621490000004,-6.1123989,0
106.80661650000002,-6.350948300000001,0
107.05156349999993,-6.435417699999999,0
107.61265400000002,-6.8586297,0
107.5875009,-6.8660066,0
106.7793417,-6.1157649,0
106.6635481,-6.2819487,0
107.0273695,-6.2948976,0
107.1366365,-6.4011523,2
112.79915699999992,-7.2624995,0
106.75209940000002,-6.2703682,0
106.6748181,-6.1901847,2
107.1366365,-6.3193373,0
106.94663889999993,-6.2104868,0
106.517591,-6.2429128,0
106.52318600000001,-6.2356506,0
106.7103834,-6.1242237,0
106.9094311,-6.1527599,0
107.03444230000002,-6.198839299999999,0
106.75318100000004,-6.123667999999999,0
109.3159551,-0.037168,0
106.9298656,-6.3826479,0
115.15312689999996,-8.6729047,0
107.62279609999996,-6.8162073,2
110.4276983,-7.0856948,2
106.6880950037048,-6.315396786415378,0
106.6308733180299,-6.260559572718616,0
112.67378559999997,-7.394667,0
106.80532300000004,-6.3478238,0
106.9177827,-6.3764893,0
110.3993969,-7.7815151,0
98.67892929999994,3.6209497,0
110.14025939999999,-7.150975,2
109.3556504,-0.00785,0
112.68611499999997,-7.3157884,0
106.79763509999998,-6.2481867,0
106.74533070000007,-6.218219100000001,0
112.6474692,-8.0036459,0
106.81635299999994,-6.270347999999999,0
106.81857519999994,-6.145353000000001,0
106.85677320000002,-6.574910399999999,0
106.87563509999995,-6.374729899999999,2
106.6143944,-6.2368628,2
106.73812840000005,-6.336691699999999,0
112.67971290000003,-7.3104483,0
106.7557792,-6.190464400000001,0
106.850937,-6.157289,0
106.68811646137692,-6.315247494210526,0
106.95897289999994,-6.2925597,0
106.97925150000003,-6.4455778,0
106.785392,-6.389968,2
112.69354129999999,-7.282466700000001,0
106.95831250000003,-6.4526242,0
115.2748682,-8.46161,0
106.79202699999996,-6.157118,0
106.6998896,-6.2443051,0
106.96042460000001,-6.227952699999999,0
107.5786238,-6.8766315,0
106.7983375,-6.2638047,0
106.8268781,-6.4289379,0
106.913748,-6.172527,0
106.88618480000002,-6.3999131,0
106.84131909999996,-6.2243895,0
107.06014049999999,-6.2489826,0
106.8679899,-6.2490679,2
106.79463839685059,-6.336504452021824,0
115.2611,-8.508748,0
110.81666700000005,-7.566667,2
107.71921040000007,-6.9163257,2
106.89834259999998,-6.2292875,2
106.68794479999997,-6.315396786415378,0
106.8273257,-6.2991535,0
106.97718269999996,-6.258243999999999,2
107.68261970000003,-6.927239999999999,0
106.64030679999996,-6.297927,0
106.8246896,-6.3462843,0
106.82274280000001,-6.194533499999999,0
110.3883549,-7.7128278,0
106.70934850000003,-6.0938841,0
107.14453800000001,-6.254947,2
107.10709999999995,-6.2335134,2
106.7399428,-6.263601,0
110.3434651,-7.800917699999999,0
107.0421324,-6.3634304,0
106.8060388,-6.59714689999999,2
106.61144739999997,-6.2395155,2
106.84628129999999,-6.4049941,0
106.6844327,-6.2947602,0
106.75590039999997,-6.4268374,0
106.82018399999993,-6.273765999999999,0
112.74320139999998,-7.3397942,0
106.7999513,-6.1747751,0
106.83258720000003,-6.2195686,2
107.18106220000004,-6.2890948,2
106.788899,-6.162214,0
112.80268150000006,-7.2630071,0
106.71661259999996,-6.2645583,0
106.7006917,-6.1453048,0
106.8355721,-6.305136,0
112.79400699999997,-7.2556427,0
106.6510231,-6.2540857,0
106.9683577,-6.2573048,0
110.3874808,-7.8129804,2
107.57559200000003,-6.8824595,0
107.6730098,-6.9200818,0
106.81825129999993,-6.2737058,0
106.81341210000005,-6.2622411,0
112.75543459999994,-7.282603000000001,0
113.69815730000005,-8.2033725,2
107.5787383,-6.9591056,0
106.63216979999993,-6.235730299999999,0
106.97912240000005,-6.192044399999999,0
106.92995789999998,-6.9277361,2
106.7453307,-6.2182191,2
106.76179839999998,-6.6063841,0
111.51509060000001,-7.647891899999999,0
106.7986674,-6.375867599999999,0
106.86363968051751,-6.714538015013154,0
106.75751509999998,-6.219270799999999,0
106.68805208836056,-6.3153328040471415,0
106.77702590000001,-6.171465299999999,0
106.5701927,-6.235727199999999,2
106.80742529999998,-6.2305195,0
112.51541640000005,-7.884395800000001,0
106.70981219999999,-6.1229626,0
106.67393659999993,-6.3493032,0
107.56308569999999,-6.9434115,0
106.8085486,-6.274197399999999,0
106.1639749,-6.1103661,2
112.7717447,-7.266341699999999,0
106.76479949999998,-6.6020268,0
106.9299579,-6.2393686,0
106.68781605396725,-6.315076874495122,0
106.69479968410042,-6.262279789548091,0
112.69510909999997,-7.299599299999999,0
107.74197079999999,-6.9316588,0
106.4157735,-6.281950699999999,0
106.8384873,-6.2704829,0
112.68031900000005,-7.311038,0
106.9299579,-6.1474953,2
106.8409708,-6.2943651,0
106.6558554,-6.3125171,0
112.6448266,-8.0323059,2
106.8266873,-6.4500987,2
106.81858642248,-6.210851803015,0
107.0336275,-6.7070376,0
106.90006859999994,-6.1486544,0
112.79706599999997,-7.2619467,0
112.77065909999999,-7.3283004,0
107.66473399999995,-6.960647199999999,0
106.8325872,-6.3115948,0
106.85849200000007,-6.418128,2
106.77333820000001,-6.2814274,2
106.74241830000005,-6.186746299999999,0
107.6288475,-6.8920737,2
107.54163949999997,-6.8510071,2
107.0018493,-6.1695083,0
107.0131324,-6.4141083,2
112.7330892,-7.3933814,0
106.7540928,-6.3683863,0
106.81824129999995,-6.260923699999999,0
106.88284870000007,-6.3569039,2
106.96773339311517,-6.254804698954149,0
107.31264570000008,-6.332909000000001,2
111.53001589999997,-7.6310587,2
106.79724140000008,-6.191883199999999,2
112.7683422,-7.3432655,2
112.78163006843,-7.3115262708982,0
106.955556,-6.2022312,0
106.94621740000002,-6.1709491,0
106.68794479999997,-6.315183511823841,0
106.7400065,-6.2637093,0
107.5731516698363,-6.868362028011747,0
106.99242679999998,-6.2468837,0
106.63188890000004,-6.1783056,2
106.82958559999997,-6.2245662,0
107.4462717,-6.5406665,0
106.743381,-6.4743847,0
106.80041779999999,-6.385424899999999,0
107.6193581,-6.8850617,0
112.78239380000002,-7.254972,0
107.01991961824649,-6.219808681000317,0
106.79364720000001,-6.105564999999999,0
110.3829306,-7.7205575,0
110.42025050000007,-7.0720442,2
110.43812539999999,-7.0051453,2
106.881738,-6.109549,2
104.46650720000002,0.9185504,2
106.78377,-6.26586,0
106.79793664788508,-6.3930944712428435,0
106.7778806,-6.1732613,0
106.83258720000003,-6.3115948,0
106.75291300000004,-6.4189174,0
106.81382117829594,-6.320085832475323,0
106.78658926455682,-6.412538751433644,0
106.81386409364018,-6.320085832475323,0
107.6984879,-6.9505768,2
107.6644471,-6.8965422,0
106.81386409364018,-6.320299105046534,0
106.85471329999996,-6.3377275,0
106.81360660157475,-6.320171141514356,0
112.64224161586912,-7.277724929412656,0
112.802411,-7.3275001,0
107.02332539999998,-6.319696899999999,2
107.00117820000003,-6.2283171,0
106.69813350000004,-6.269585200000001,0
110.37213840000004,-7.718918400000001,0
107.1305625,-6.321955099999999,0
106.71038339999996,-6.1242237,0
112.7896966,-7.3374381,0
106.9365341,-6.2431759,0
106.80244618437803,-6.316367234075708,0
106.85290187199712,-6.147605834931539,0
106.98360690000004,-6.150703399999999,0
106.79481005822754,-6.336675064663662,0
106.8137782629517,-6.320299105046534,0
107.0220553,-6.3454232,0
110.4619591,-7.0447231,0
106.7905330397034,-6.176890651135625,0
106.8137782629517,-6.320256450539332,0
106.79061887039188,-6.177295979849651,0
107.612654,-6.940982,0
115.1766736,-8.3050448,0
110.39362600000004,-7.736443,0
106.85382709999999,-6.398897799999999,0
106.90327530000002,-6.3762745,0
106.68755856190182,-6.315076874495122,0
107.66102060000003,-6.9003599,0
106.81399283967289,-6.320299105046534,0
106.80291290000002,-6.590866900000001,0
110.3947016,-7.7586898,2
106.90641019999998,-6.5812833,0
106.80041600000004,-6.285310099999999,0
106.8529877026856,-6.147627169206774,0
106.81916728216,-6.2266089979116,0
106.79599000000007,-6.562913,0
106.9004472,-6.3272512,0
110.43153919999997,-7.704901899999999,2
107.14269119999994,-6.2649544,0
106.84893890000001,-6.5762737,0
106.11692990000006,-6.3270611,2
106.77253799999994,-6.237979999999999,0
107.05568599999992,-6.4681773,2
110.3249238,-7.8341286,2
107.5948986,-6.9519605,2
106.7961295,-6.4210271,0
112.76937299999997,-7.294468,0
112.80017709999993,-7.263675600000001,0
106.73358830000006,-6.3432131,0
106.73820720000003,-6.284000199999999,2
112.63327370000002,-7.4529857,2
107.71691162806394,-6.915081819983819,0
112.7015495,-7.449771799999999,2
112.64464559999999,-8.0017008,0
106.98137399999996,-6.179025999999999,0
106.90364899999997,-6.376174199999999,0
98.67894590000003,3.6210244,2
106.8137782629517,-6.3201284869965955,0
106.79453110848999,-6.336589758349791,0
106.83068230000003,-6.4366709,0
106.75730330740976,-6.342307415359653,0
106.9602393,-6.2931302,0
106.84733770000003,-6.3853366,2
112.69215959999997,-7.278130399999999,0
106.9730344,-6.1687273,0
106.84060060000002,-6.3028754,0
106.79463839685059,-6.336675064663662,0
106.81621240000004,-6.2842379,0
107.01273779999997,-6.1762337,0
106.93643433909233,-6.685103298018703,0
98.66929979999998,3.5915405,2
112.8135304,-7.305958,0
106.82611870000005,-6.2347192,0
106.88772140000003,-6.3815531,0
106.80954558413089,-6.525216089523661,0
106.77763365770261,-6.406720696088402,0
106.91845620000004,-6.1406073,0
106.77654430000007,-6.377453399999999,0
112.794445,-7.2559088,0
107.53019219999999,-6.849320899999999,2
106.7036766,-6.1659651,2
106.8502879,-6.1475204,0
107.73021010000002,-6.932090499999999,0
107.71017391901853,-6.919768144826876,0
107.77733463377683,-6.576489601146534,0
112.66556630000002,-7.315094299999999,0
106.81867152432858,-6.363470527766885,0
107.44627170000001,-6.540666499999999,0
106.75703494100344,-6.3966886030295464,0
106.71969899999999,-6.308158,0
106.81371388993534,-6.320299105046534,0
106.7538211,-6.1283484,0
106.81403575501713,-6.320256450539332,0
106.9583125,-6.4526242,0
106.77458483544319,-6.249411165532559,0
115.2131124,-8.7021608,0
106.718056,-6.288888999999999,2
106.81354222855839,-6.320384414050403,0
107.71051724177244,-6.9187030750825915,0
110.8135688,-7.5429807,2
107.71403629999998,-6.9175954,0
107.61008949999996,-6.882958700000001,0
110.4277032,-7.0474739,0
106.8312514,-6.434802,0
112.76714700000002,-7.266253600000001,0
106.75701188814082,-6.27060690634344,0
112.7494759,-7.325722,0
101.4388424,0.4436328,0
106.9418385,-6.1642021,0
106.7795043,-6.1166147,0
115.15674369999999,-8.6763437,0
107.70987351160886,-6.9192143088596945,0
106.84749365847472,-6.405985652835575,0
106.82657719206543,-6.455081822862276,0
106.55338729999994,-6.3681068,2
107.65741871423347,-6.956270476367663,0
106.81339561429445,-6.416364738008537,0
106.67579055686952,-6.323865738738229,0
110.59502299999997,-7.520529999999999,2
106.6775093,-6.294075599999999,0
106.83340845927728,-6.383853488874565,0
106.7491828,-6.3208615,0
106.78814,-6.165859999999999,0
115.2441851,-8.4401134,0
106.9831194,-6.2335156,2
106.81585710052491,-6.38232628594564,0
106.78637925291741,-6.3921006320185985,2
106.90582616878669,-6.2353346714061155,0
110.39641789999996,-7.7173988,2
106.7720491,-6.2737892,0
106.63192200000003,-6.178278,2
110.40625130000001,-7.7696022,0
106.79472422753906,-6.336845677249076,0
106.8281922635681,-6.376851474535032,0
106.78026999999997,-6.283309,0
106.9299579,-6.9277361,2
113.68592749999993,-8.1986068,2
106.79459548150635,-6.336632411508475,0
106.844571,-6.2841169,0
106.798408,-6.292053,0
106.8172880476684,-6.592638444416942,0
107.69415040000001,-6.8974978,0
106.81153629999994,-6.3199193,0
106.7946598545227,-6.336898993670458,0
106.7971218,-6.2605896,0
112.6494715,-7.9602073,0
106.83815800000002,-6.7128814,2
112.79267849999997,-7.260764099999998,0
106.82229977576299,-6.429272129922075,0
107.72936068941044,-6.933798975203057,0
106.89238335634468,-6.198326953805823,0
109.355672899999,-0.0073352,0
106.70830009999997,-6.179987499999999,0
106.82402654865723,-6.443680783548795,0
98.65428569999995,3.6133026,0
106.6799094,-6.2940767,0
107.01555989999997,-6.218679100000001,0
106.79361255634467,-6.397304756181262,0
106.7093485,-6.0938841,0
106.8075136,-6.2088902,2
106.8067779418335,-6.3635533570856975,0
106.79024745075685,-6.389672009702152,0
115.23380999999995,-8.558978999999999,0
109.47350660000006,-0.3533938,0
112.5336799,-7.8953943,0
112.67083150000008,-7.3151821,0
112.67331852676,-7.291660191594,0
106.90412709999998,-6.178222,2
106.82875845624,-6.2146567505518,0
106.82932276495967,-6.376373935547075,0
112.53139839999994,-7.894414200000001,0
106.80859843593748,-6.332177712107245,0
112.5845996,-7.170096,2
112.80677170000001,-7.356991099999999,0
106.80579286668694,-6.385054246021306,0
107.47055060000002,-6.851023,0
112.5314991,-7.8867589,0
106.956456,-6.3940845,0
106.80879694078362,-6.372451270518066,0
106.71127230000002,-6.2690208,0
106.82713459626461,-6.388140936722788,0
110.39101010000002,-7.723776900000001,0
106.6395043,-6.2920229,0
107.03434859999993,-6.2158904,0
107.6022965,-6.9529665,0
106.90634909999994,-6.609096999999999,0
112.698066,-7.310969,0
109.3247866,-0.0572458,2
106.77084329364016,-6.379905646250663,0
106.9087637,-6.1543592,0
112.67352549999998,-8.043572,0
106.7500025,-6.4424217,2
106.9637712,-6.232554599999999,0
106.78869740000005,-6.2265465,0
112.6824377,-7.307856,0
106.75810124130862,-6.209008281065112,0
106.805172188916,-6.383217138429694,0
106.79479647724611,-6.3853857919800925,2
106.8387122,-6.4482299,0
106.79071721719674,-6.385975935632304,0
106.63433069999996,-6.2285346,0
106.93818490000001,-6.2564586,0
106.88609910000002,-6.5822623,2
106.635025,-6.3411405,0
106.68733461799934,-6.3147450480237275,0
106.8384873,-6.4394448,0
113.7009312,-8.1733118,2
107.0230785,-6.7142252,0
106.8384873,-6.4189393,2
107.71107514124753,-6.91827704651216,0
107.6,-6.9,2
107.02296869999998,-6.1758228,0
106.523186,-6.2356506,0
106.83140260000005,-6.3783484,0
106.77916981003409,-6.411800525238099,0
106.93918310000004,-6.298213199999999,0
107.58133559999999,-6.8862041,0
107.73253290000002,-6.9351148,0
106.95061750000002,-6.3179073,2
107.68456979999996,-6.924957999999999,0
106.79358036983649,-6.400652622423016,0
112.78241700000001,-7.2583306,0
112.7806534,-7.2905789,0
106.81719250000003,-6.4041917,2
106.6733441,-6.2503029,2
106.682188,-6.1656824,2
106.82450352534784,-6.387009522815458,0
106.71307550000006,-6.2884657,0
106.81050270000003,-6.4294582,0
106.78577810000002,-6.1908192,0
106.83633412087102,-6.30226307241957,0
106.8325872,-6.2553397,0
112.77796130000002,-7.2543236,0
106.76388541426388,-6.260817623480334,0
106.80193267287746,-6.372293797848128,0
110.39939690000006,-7.755802099999999,0
112.78677008962,-7.2879789193354,0
106.6974266354431,-6.2641458527470855,0
106.79744749206543,-6.435508018044144,0
106.86558360000004,-6.1782946,0
112.7108313,-7.955575,0
106.79101792963866,-6.347696240156825,0
106.83989182380378,-6.4073310001406965,0
106.81164149814754,-6.398298259872458,0
107.71111805659177,-6.918543314413724,0
106.07408859999998,-6.0282817,2
106.8679899,-6.366721,0
106.7906669,-6.3330833,2
106.80398433809819,-6.374414100000006,0
106.62028869999995,-6.5700742,0
106.68812679999996,-6.178169599999999,0
106.77208356881715,-6.553862098203166,0
106.8474185566223,-6.405569840590687,0
110.45741509999993,-7.006615,0
106.8565586598022,-6.252779579440539,0
107.0474795789429,-6.73893329601811,2
106.8072791,-6.438567,0
106.78564652065427,-6.407305522205643,0
106.78539219999993,-6.389968199999999,2
109.23963660000004,-7.4242782,2
106.99721720000002,-6.18004,0
112.6317244,-7.9818838,0
106.80715088664704,-6.382692636342423,0
107.66888700000004,-7.090910999999999,2
106.73669610000002,-6.1091161,0
106.76179839999998,-6.3651357,2
98.70407499999999,3.4201802,2
106.69553216202394,-6.438332706497071,2
107.58890109999993,-6.849779799999999,0
106.798857,-6.455469,2
112.73970400000007,-7.328499300000001,0
106.9565206,-6.2257275,0
106.71025800000007,-6.1242636,0
106.70926659999998,-6.285854199999999,0
106.770628,-6.155703,2
106.792057,-6.282601499999999,0
112.60041419999993,-7.9739011,0
107.6583538,-6.9394579,0
112.73784520000004,-7.3368916,0
106.791291,-6.1902622,0
106.80532828836067,-6.368833643953257,0
106.64724130000002,-6.1671725,0
106.781616,-6.2028025,2
107.76153986455688,-6.573373432809171,0
106.8329873788208,-6.341378454967524,0
106.8134121,-6.2622411,2
106.7935536,-6.6327855,0
107.5889804,-6.8903936,2
107.5630857,-6.9434115,0
106.71296319999999,-6.177905,0
106.6770789,-6.2386076,0
106.879792,-6.356087199999999,2
106.84815431120603,-6.418323259419212,0
106.94037445498657,-6.6875547955673085,2
106.62323590000005,-6.147132999999999,2
106.4399512,-6.2597473,0
110.3279026,-7.8777659,2
112.6502698,-7.9349806,2
106.91591605955,-6.1480832159481,0
112.7037036,-7.382515,0
112.59006709999994,-7.401005499999999,2
107.68812720000005,-6.885353899999999,0
115.1471868,-8.6494044,0
106.77908397934561,-6.409156410198941,0
106.8207875,-6.434914,2
106.85120013337405,-6.695950769853598,0
107.5259078,-7.025202,0
106.89667439999994,-6.1554382,0
106.82947089999993,-6.4524722,0
106.76154810000003,-6.1207809,0
112.61390549999999,-7.998130199999999,0
106.7609066,-6.2843082,0
107.6376102,-6.9569362,0
106.9963705,-6.2435635,0
106.8163628,-6.1983875,0
106.70362169999999,-6.1503009,0
106.79948386551519,-6.4794619695003135,0
101.70682940000006,0.2933469,2
110.34718320000002,-7.7538895,0
106.8546726,-6.3703688,2
106.7219896,-6.2755769,0
107.64904230000002,-6.943076400000001,0
106.78817927795421,-6.393669370826812,0
107.72020240000006,-6.929193199999999,0
112.52404739999997,-7.879386800000001,0
106.702825,-6.2953922,2
107.60893650000003,-6.9203505,2
106.83116169999994,-6.225833100000001,2
110.32492379999997,-7.792943299999999,0
106.77925564072257,-6.409412292898641,0
107.0362272,-6.123655,0
106.81547360000002,-6.218408800000001,0
106.7043452,-6.1540291,0
106.8655836,-6.1782946,0
106.98309080000001,-6.2335635,2
106.69011559021305,-6.240096601249351,0
106.75576580000006,-6.192118199999999,0
110.3133077,-7.8341783,0
106.7503557,-6.4381941,0
119.4327314,-5.147665099999999,0
106.9479675,-6.322659499999999,2
106.751477,-6.3309077,0
106.92405540000004,-6.4288646,2
110.41012209999997,-7.8326183,2
106.78118540000003,-6.3375234,0
107.03563200000008,-6.220960499999999,0
107.657675,-6.9081803,0
110.46493829999997,-7.0623817,2
106.837985,-6.389519,0
106.84012310000003,-6.3027937,0
106.74064812107,-6.1889929384082,0
106.85375829999998,-6.135209199999999,0
106.8915948,-6.4171509,2
106.71129329999996,-6.2835218,0
112.6603426,-7.4685141,2
112.78969660000007,-7.337438100000001,0
106.8289412,-6.2280011,0
112.8082197,-7.264560099999999,0
110.47573549999993,-7.0521267,0
111.5300159,-7.6310587,2
106.83100519999994,-6.37929,0
112.649662,-7.9553448,2
106.8324678,-6.2226997,0
106.7994446,-6.1687855,0
107.12908771965,-6.3310829137097,0
106.71777350000002,-6.1667356,0
106.81619410000008,-6.3852815711842394,0
112.649662,-7.2768355,0
106.8237374,-6.3758806,0
110.39613110000005,-7.7584531,0
107.6589922,-6.8739583,2
106.81300940541837,-6.374061766709002,0
106.84878586295167,-6.2762378063434685,0
107.62659669999994,-6.886532,0
106.94183850000002,-6.1642021,0
106.74983539999994,-6.6033867,0
106.79594868703305,-6.163943825464526,0
106.91070769999999,-6.163888099999999,0
107.02678309999999,-6.2910041,0
106.7158697,-6.1297816,0
115.1296249,-8.5852167,0
106.9270066,-6.3033511,2
106.7142082,-6.3858924,0
106.8122226,-6.3271394,0
107.67746750000003,-6.9152087,0
106.81284649999998,-6.3860592,0
110.78227719999995,-7.5816159,0
106.7130533,-6.26174,0
107.616577,-6.899161,2
106.74352390086369,-6.351527673335354,0
106.84268048360593,-6.362846358010186,0
106.4209241,-6.2714957,0
107.58160709999993,-6.880259799999999,0
106.63184019999994,-6.2367493,0
106.7108551,-6.1431075,0
106.85295297259,-6.1479074757291,0
107.27255049999997,-7.2874884,2
106.84284807246092,-6.406188227909082,0
107.5830623,-6.8545984,0
106.792466,-6.3943199,0
112.65688969999997,-7.9266678,0
106.772103,-6.512621,2
112.7169758,-7.9595973,0
106.6493689,-6.2457819,2
106.6794052,-6.3055599,0
107.043315,-6.7367939,0
106.82762090000006,-6.324466000000001,0
107.6777669,-6.9539456,2
107.714401,-6.92205,2
106.98311940000008,-6.2335156,2
106.80156729999999,-6.377758,2
106.79675980000002,-6.4358935,0
106.8141947,-6.4930071,0
106.7617984,-6.1810006,0
110.7822772,-7.5816159,0
106.7265809,-6.1856931,0
112.62139380000008,-7.983908100000001,2
106.79755909999994,-6.2717565,0
112.8135304,-7.3260971,2
106.84733770000003,-6.2523005,0
106.80629148070375,-6.394145262345598,0
106.90488449999998,-6.1610438,0
109.35567289999995,-0.007335200000000001,0
110.42025050000007,-6.9805495,2
106.8266873,-6.4757462,2
115.1162829,-8.5419151,2
107.6227961,-6.8162073,2
106.81856600000003,-6.1441421,2
106.73887259999992,-6.220113899999999,0
106.76044819999993,-6.173820399999999,0
106.77698112747794,-6.4068108128041095,0
108.1628879,-6.6792502,0
106.95061750000002,-6.2770072,0
115.23831419999999,-8.636135099999999,0
106.81751801667178,-6.369105186005488,2
106.58957269999996,-6.1192749,0
106.79815676980593,-6.26230932304399,0
106.75851940000007,-6.4054537,0
106.89454560000001,-6.712397999999999,2
106.76440849999994,-6.1977357,0
106.68813791904904,-6.315183511823841,0
106.6558546,-6.3124943,0
112.5319101,-7.894246099999998,0
106.7328076,-6.3436306,0
106.71512680000001,-6.2728817,0
106.81664616928106,-6.357416788396223,0
107.66256880000003,-6.892238,0
106.79886847088619,-6.525378726226757,0
112.5674819,-7.9178507,2
106.75677999999994,-6.1324614,0
107.59799299999997,-6.8514412,0
107.4934,-6.8523313,0
106.68779459629513,-6.315119529429244,0
106.76347174436,-6.2021047351478,0
106.7264125,-6.556182,2
115.17423929999995,-8.813464699999999,0
115.188916,-8.4095178,2
107.113007,-6.4429133,2
106.7516263,-6.1514313,0
106.4317533,-6.2734443,2
106.89281088098,-6.1624017018803,0
112.79912149999996,-7.262768200000001,0
106.90748400000007,-6.1463141,0
106.9139988,-6.1696904,2
106.95817050000005,-6.4525105,0
112.64279859999999,-8.0607404,0
106.9985479,-6.2359122,2
106.79915010000002,-6.3870584,2
107.59770379999998,-6.9567926,0
106.81313399999999,-6.311261399999999,0
106.70095000000003,-6.3070488,0
112.65944179999997,-7.279970400000001,0
0,0,2
106.85838569999999,-6.2262143,0
116.9616941,-1.1662034,2
106.71274704343875,-6.222413711880623,2
112.65855429999999,-7.891740400000001,0
106.82637279999994,-6.249181099999999,0
107.5564326,-6.8633153,2
106.6320777,-6.2107244,2
106.91159300000004,-6.285667,0
112.74798620000001,-7.334617400000001,0
110.98669419999999,-7.6070727,2
106.8752639,-6.1869754,0
106.81608681163948,-6.385047000971575,2
106.81577776931158,-6.329670099941253,0
112.77926920000004,-7.301480799999999,0
106.98899040000003,-6.2067931,0
110.35678269999994,-7.710899899999999,2
106.78789699999993,-6.174224,0
112.68970939999997,-7.2511315,0
110.3307362,-7.8228993,0
106.68826666508176,-6.315247494210526,0
106.79970500000002,-6.537942399999999,0
106.75152589999993,-6.4295169,0
106.6323517533,-6.1439664207476,0
106.6143944,-6.267562,2
112.60049649999996,-7.933973099999999,2
106.9590364,-6.2924679,0
106.85914290000005,-6.2817607,0
106.68808409999997,-6.395769,0
116.88909620000004,-1.2427572,0
107.025901,-6.3140869,2
106.7441048,-6.43236099999999,2
112.75941779999994,-7.412246599999999,0
107.5911453,-6.867414,0
106.82979,-6.27831,0
107.0893798,-6.3004879,2
106.72535110000001,-6.2701932,0
112.76573540000004,-7.304791799999999,0
112.69244634237,-7.278540764103,0
112.6086541,-7.9583741,2
112.7623542,-7.293764400000001,0
106.82086030376581,-6.359873607249825,0
112.807502486261,-7.272353603264633,0
112.69476218542786,-7.4614225920606545,0
106.77487050000002,-6.488368299999999,2
106.81481269999995,-6.248594900000001,0
106.78943389999995,-6.4158151,0
112.56920820000005,-7.9217539,0
106.6614541,-6.1851888,0
112.77413660000002,-7.337700000000001,0
106.88404809999997,-6.576917099999999,0
107.6876714,-6.8847893,0
106.89796339999998,-6.1411267,0
107.2075388,-6.2148673,2
115.2956118,-8.3921715,0
106.87307550000003,-6.146067899999999,0
106.90879169999994,-6.3931301,0
112.6088609,-8.0023108,2
106.61321889999999,-6.2653887,0
112.53084000000001,-7.8971642,0
112.631675,-7.9819761,0
110.469498,-7.757892,2
109.3799127,-0.0975898,0
106.98172790000001,-6.1837021,0
106.7098122,-6.1229626,0
107.6465904,-6.9714852,0
106.80221732170412,-6.382734897356017,0
106.80765235899958,-6.381537331178965,0
106.81290639206543,-6.342779664580484,0
107.65774550000003,-6.913005999999999,0
106.7424183,-6.1867463,0
112.64454660000001,-7.9996855,0
107.4705506,-6.851023,0
106.81929000000002,-6.6574586,0
110.34451230000002,-7.846468799999999,0
106.98048760000006,-6.2077067,0
108.53424870000003,-7.3706874,2
106.68779459629513,-6.315140856894987,0
107.64816819999999,-6.924181900000001,0
110.40625720000003,-7.769541999999999,0
106.7675764,-6.1720996,0
107.00494090000007,-6.203664499999999,0
106.85987895977178,-6.419616497820282,0
107.02205530000003,-6.3454232,2
106.99458260000006,-6.1764942,0
116.9028125,-1.244228,0
107.66466300000002,-6.960703899999999,2
107.0185123,-6.6103239,2
106.81235169154047,-6.317701259333785,0
106.7271144,-6.181328100000001,0
112.65677840000001,-7.926591899999999,0
106.94424253121338,-6.3379680576945425,0
106.61534141583,-6.2562027815638,0
112.631315,-8.0580966,0
106.8237891,-6.2659721,0
106.77503580000007,-6.2892065,0
106.69399729999998,-6.133227499999999,0
112.7992377,-7.2604914,0
106.6880841,-6.395769,2
106.81082019999997,-6.185782,0
117.1436154,-0.4948232,2
106.7565242,-6.308507,2
106.88306299049,-6.1572804942601,0
106.80611296190182,-6.336673070231851,0
112.63702,-7.977521,2
110.4243712,-7.6260919,0
112.7375144221985,-7.448747926032708,0
106.79982769999992,-6.3498928,0
106.6703963,-6.3502256,0
106.9656813877441,-6.695692657870706,0
106.89063063223,-6.1490454330597,0
106.9165659,-6.1601355,0
106.96714670000006,-6.2895721,2
107.7419708,-6.9316588,2
106.97388369999999,-6.1956431,2
112.73145799999998,-7.328951999999999,0
110.43321459999993,-7.7591912,0
106.792543,-6.291967,2
106.89297090000002,-6.1587577,2
106.8163628,-6.2213742,0
106.92995789999998,-6.2802468,0
106.96540860000005,-6.6985209,0
106.7848745,-6.3401871,2
107.55307620000008,-6.8671418,0
106.8109534368316,-6.384105301804992,2
106.65223729569,-6.3065718515045,0
106.80667440000002,-6.2019174,0
107.10367910000002,-6.3897657,0
115.16666669999995,-8.816666699999999,2
107.29211039999996,-6.3234235,0
112.75456956406254,-7.385540329252505,2
112.6556213,-8.1129703,2
106.81293827150262,-6.384563780690885,2
106.88256560964805,-6.322595498227245,0
107.44440120475474,-6.4666684173302205,0
106.79406470000004,-6.2367114,0
107.4458174111146,-6.464173836789056,0
106.68897476826169,-6.314543687522085,0
106.85476340000002,-6.1465128,0
106.8066165,-6.3509483,0
106.8070346161469,-6.3830891880185385,0
106.8243277,-6.3282939,0
112.81517898839115,-7.280458115585908,2
106.732821,-6.129304,0
106.83216479999999,-6.2163528,0
107.0671807,-6.2985405,0
106.77198567459106,-6.380219923864266,0
106.72486129999993,-6.1441971,0
106.7617984,-6.2474283,2
107.5732589581969,-6.868489850085052,0
107.6365673,-6.9122338,0
106.86993918518067,-6.369425357803587,0
106.73854860000006,-6.4275148,0
106.7246576,-6.1775283,2
106.8535807,-6.2367498,0
106.78726871639401,-6.380387273930375,0
112.7032945,-7.9675395,2
106.82272,-6.187949,0
106.81639799999994,-6.365168,0
106.74991030000001,-6.3500828,2
107.13170190000005,-6.3530969,0
106.81807409999999,-6.2735997,0
106.7733382,-6.2814274,0
106.79107462327875,-6.395941696758506,0
106.79466398227851,-6.404107085604771,0
112.67163706560666,-7.310375596715477,0
112.71074329999999,-7.282440200000001,0
106.79145689999996,-6.3370444,0
106.81617566137697,-6.37023983775528,0
106.7441048,-6.3503549,0
113.7186561,-8.1686778,2
106.79552639999997,-6.3373947,0
106.8679899,-6.433322599999999,2
106.82540341904905,-6.58892022909075,0
112.6243346,-7.387827499999999,2
110.4202505,-7.0720442,2
106.79159860000004,-6.2351288,0
107.4458174111146,-6.464429691769955,0
106.833915,-6.364392,0
112.5960247,-8.0072301,0
107.72860509999998,-6.9294248,0
107.60883160000003,-6.945297999999999,0
114.81031810000002,-3.4572422,0
106.74598549999996,-6.268623499999999,0
106.9950903,-6.1802702,0
107.1537614,-6.3345998,2
106.93983780000008,-6.679303,0
116.93108200000006,-1.251687,2
106.73206779999998,-6.3433854,0
106.7259241,-6.3350977,2
112.79496300000005,-7.270956399999998,0
98.62994049999998,3.7092972,0
112.76826770000002,-7.286351959592205,0
112.75447669999994,-7.3203383,0
106.99935030000006,-6.2505031,0
106.81632284603279,-6.385836009441484,0
106.70304429999999,-6.190335399999999,0
98.6200418,3.6057795,0
106.9506175,-6.2770072,0
107.44450849311534,-6.466412563482235,0
112.53391590000001,-7.8960205,0
107.63782470000001,-6.9560824,2
107.0269968,-6.309779300000001,0
107.7139698,-6.9176456,0
106.8532381,-6.1857021,2
106.92418599999996,-6.383896000000001,0
107.0009621,-6.1783774,0
106.8139497,-6.1833432,0
112.64966200000003,-7.955344800000001,2
109.3009955,1.3486888,2
110.45180649999998,-7.737737099999999,0
98.6325611,3.6059085,2
106.823487,-6.202396999999999,0
106.80150509999999,-6.3777479,0
112.75395330000003,-7.318119999999999,0
112.5407615899353,-7.508556122536766,0
112.62736089999999,-7.252555399999999,0
106.90541970000004,-6.1601384,0
106.66740189999996,-6.190161799999999,0
106.7647475,-6.459881500000001,0
106.7038807,-6.1155711,0
106.8223457,-6.2098892,0
106.82186074340825,-6.401567786205099,0
106.77965549999999,-6.1105733,0
106.63207769999997,-6.2107244,2
106.74659055778,-6.3231441764012,0
106.7684194,-6.4728474,0
106.787835,-6.1538367,0
107.63878460000001,-6.9110744,0
106.82289149999997,-6.575169499999999,0
98.6684186,3.5203598,0
112.68481083013307,-7.290786098421331,0
110.3859913,-7.842653299999999,2
106.81678490118861,-6.38287088321801,0
112.59494837727675,-7.3447215855100465,0
112.77515041481934,-7.305430561322533,0
112.6079459,-7.3445521,0
106.79976799999997,-6.537940799999999,0
106.81851099999994,-6.4791212,0
107.00268670000003,-6.2774752,2
106.665599,-6.320137,0
106.78819321017,-6.1746806597424,0
110.46949799999993,-7.757892,2
112.67477925717776,-7.290073851547767,0
106.90882639999995,-6.393021099999999,0
107.61562060000006,-6.882776199999999,0
106.7205154,-6.3511345,2
112.74466491401677,-7.26896123661498,0
106.7203384,-6.1568568,0
106.64459299999999,-6.2824282,0
106.63023458564453,-6.267707937747347,0
106.85165478343,-6.1550924071361,0
106.96081300000003,-6.2601968,2
106.75614999999993,-6.189336,0
112.735104,-7.4500173,0
115.13258969999993,-8.638112,0
107.55142699999999,-6.930940199999999,0
106.86338268780514,-6.3088560103980935,0
106.9506175,-6.2616769,0
112.6735255,-8.043572,0
110.31300869999995,-7.8450254,0
106.73053950000008,-6.207522,0
113.7221912,-8.1839546,0
107.64896769999996,-6.9431017,2
106.81653888092046,-6.357288834072579,0
106.68226974393315,-6.297702503714622,0
112.80026250000003,-7.2649835,0
112.5981363,-8.0028794,2
112.74229047843482,-7.332314806790751,0
105.25401699413453,-5.4334361950604455,0
107.56970460000002,-6.8784557,0
106.80638287777106,-6.385303381455449,0
112.59475525822756,-7.344657740672174,0
112.7689092894409,-7.2900058636802845,0
106.87465507811294,-6.552616560033837,2
112.80717292883605,-7.292760872752718,0
112.59494837727664,-7.34467902228582,0
107.53934240000001,-6.8651709,0
112.67012185711678,-7.444399848016471,0
106.86047710000003,-6.5866775,0
106.7870414,-6.4943004,0
106.9547284,-6.1917603,2
112.59458359685073,-7.344604536633618,0
112.6615805,-7.3165142,2
107.5806628,-6.8721659,0
112.5943261047853,-7.344593895825141,0
106.55921790000002,-6.165818199999999,0
106.80263839999998,-6.449467400000001,0
112.62929462852776,-7.297652213973057,0
106.79719,-6.1900714,0
110.41627749999998,-7.800865599999999,0
112.6586009,-7.3040734,0
106.8080833,-6.2596634,0
106.86790100000007,-6.235179,0
106.85041028576,-6.2571220823468,0
106.71305329999996,-6.26174,0
115.24208240000007,-8.689525999999999,0
119.4237365,-5.1837349,2
107.2922096,-6.3234143,0
106.75569900000005,-6.188188999999999,0
106.80013959999997,-6.4792109,0
116.85829089999993,-1.2177936,0
112.60886089999997,-8.0023108,2
112.64642683859256,-7.299725455345495,0
107.6490252,-6.9430969,0
106.70282500000008,-6.295392199999999,2
109.3484393,-0.0777611,0
110.32492379999997,-7.834128600000001,2
106.65523189999999,-6.3132009,0
107.60451590000002,-6.8904501,0
112.58669510000004,-7.957407799999999,0
106.80728410000006,-6.3843651,0
111.4752851,-0.2787808,0
106.7054518,-6.1266839,0
112.61220630000003,-7.9323152,0
107.03527650000001,-6.2184721,0
115.21666700000003,-8.65,2
112.73565237838739,-7.29949135620892,0
110.40678330000003,-7.7016288,0
106.79725271318352,-6.37734535618464,0
106.85860100000002,-6.2071831,0
112.77695549073792,-7.307978516231846,0
106.4837451,-6.2618875,0
110.47080030000006,-7.767993799999998,0
112.69312940262444,-7.349759001576183,0
106.826055,-6.1485374,0
106.68794479999997,-6.315140856894987,0
106.91212280000002,-6.1584929,0
106.77313959999992,-6.197484999999999,0
106.7523146,-6.1854972,0
106.85471329999996,-6.2328959,2
114.5943784,-3.3186067,2
112.79361360000007,-7.2370696,0
106.6801299,-6.3067434,0
107.57300146613147,-6.86825550959108,0
106.983284,-6.2103494,0
112.60946149999995,-7.985057599999999,0
106.79784950858152,-6.697292172383756,0
107.10340550000001,-6.3933841,0
106.74348675648343,-6.394066591387674,2
106.66948580000007,-6.263249699999999,0
